Timestamp,Choose a Language for Providing the Survey responses.,"What would you generally search on the health website regarding ЁЭРВЁЭРиЁЭРзЁЭРнЁЭРЪЁЭРЬЁЭРн ЁЭРГЁЭРЮЁЭРнЁЭРЪЁЭРвЁЭРеЁЭРм ? (Eg USC Health Hotline Number, N├║mero de salud de USC, etc.)","What would you generally search on the health website regarding ЁЭРИЁЭРзЁЭРмЁЭРоЁЭРлЁЭРЪЁЭРзЁЭРЬЁЭРЮ? (Eg Insurance Waiver, Exenci├│n de seguro, etc.)","What would you generally search on the health website regarding ЁЭРЗЁЭРЮЁЭРЪЁЭРеЁЭРнЁЭРб ЁЭРТЁЭРЮЁЭРлЁЭРпЁЭРвЁЭРЬЁЭРЮЁЭРм? (Eg Medical Care, Atenci├│n m├йdica, etc.)","What would you generally search on the health website regarding ЁЭРДЁЭРжЁЭРЮЁЭРлЁЭРаЁЭРЮЁЭРзЁЭРЬЁЭР▓? (Eg Nearest Heath Centre, Centro de salud m├бs cercano, etc.)","What would you generally search on the health website regarding ЁЭРВЁЭРОЁЭРХЁЭРИЁЭРГ ? (Eg COVID Regulations, Regulaciones COVID, etc.)","What would you generally search on the health website regarding ЁЭРНЁЭРЮЁЭР░ ЁЭРТЁЭРнЁЭРоЁЭРЭЁЭРЮЁЭРзЁЭРнЁЭРм ЁЭРЗЁЭРЮЁЭРЪЁЭРеЁЭРнЁЭРб ЁЭРСЁЭРЮЁЭРкЁЭРоЁЭРвЁЭРлЁЭРЮЁЭРжЁЭРЮЁЭРзЁЭРнЁЭРм? (Eg Immunization Requirements, Requisitos de vacunaci├│n, etc.)",Any Other Queries that you would search on the health Website?
3/29/2022 15:30:22,English,USC Student Well Being,Insurance Waiver,Medical Care,Nearest Clinic,COVID screening appointment,Immunizations,
3/29/2022 15:35:53,English,Aetna helpline number,In network doctors,Dental coverage,Hospital near me,Covid symptoms,Vaccination requirements,LTC
3/29/2022 15:36:04,English,health center phone number; engemann phone number; health center email,insurance details; insurance contact,Aetna; Student health fee,emergency health center phone number,COVID pop up site address; COVID pop up testing; COVID pop up timings; COVID vaccine requirements;, COVID vaccine requirements; flu vaccine requirements,
3/29/2022 15:36:08,English,Usc health number ,Insurance details ,Medical care ,Nearest hospital ,Covid CentreтАЩs ,Vaccinations ,
3/29/2022 15:37:31,English,Customer Care Contact,Benefit and rider,Doctor's details for specific diseases,Nearest Hospital and quick remedies ,"Covid bed availability, oxygen suppliers near to me","Vaccine status, free medical test centre",Best service provider in terms of health care
3/29/2022 15:42:17,English,Customer care,Insurance card,Medical Appointment,Hotline number,Covid Mask regulations,Immunization requirements,
3/29/2022 15:44:08,English,Contact us,Aetna,Medical,Emergency,Covid Testing ,Vaccine,
3/29/2022 16:19:04,English,USC Health Hotline,Insurance waiver,Medical Care,Nearest Health Centre,Covid Testing,Immunization  Requirements,Available Appointment  time for Covid Testing
3/29/2022 17:02:19,English,"USC Student Health ""WELL"" phone number",Information regarding Health Insurance status,Medical Care and Testing services, Nearest Heath Centre and Emergency Contact number,COVID Regulations and Covid Testing appointments,Immunization and Covid-19 Vaccine Requirements  ,Nothing as such
3/29/2022 17:23:39,English,Contact,Insurance plans,Services offered,Health center,COVID,Student requirements,
3/29/2022 18:42:09,English,Contact number of Hospitals near me ,"Copay amount, coverage of procedure",General check up ,Nearest health center,Current trend,Eligibility criteria ,If health center is in my insurers network
3/29/2022 19:08:44,English,Helpline number,Coverage,Medical care and services,Nearest health centre,RT PCR test centres near me,Rules and regulations,Address of medical center
3/29/2022 19:28:12,English,USC Student Health line,Insurance Claim,Medical Care,Nearest Health Centre,COVID Restrictions,Vaccination Requirements,
3/29/2022 19:57:56,English,Yes,Yes,Yes,If the hospital near me is open or if the doctor is available ,"Precautions, number of COVID cases etc.","Vaccination requirements, preliminary requirements for any test etc",None
3/29/2022 19:57:58,English,Contact number,Health insurance,Available services,Hospital near me,Covid guidelines,Immunisation requirements,NA
3/29/2022 20:05:27,English,Emergency contact number,Insurance cover policy,Health care facilities,Nearest emergency centers,COVID death recovery rates,Basic requirements regarding person health,It's expense with the services provided
3/29/2022 20:10:11,English,USC HEALTH Hotline number,Mostly rules of insurance and number to contact,Never search it,Nearest hospital and number,Covid rules and regulations ,Check all the rules and coverage for the plan,
3/29/2022 21:27:39,Spanish,N├║mero de centro de salude en USC ,Seguro utilizado en USC ,Servicios medicos en USC ,Centro de emergencias m├бs cercano ,Regulaciones de COVID ,Requisitos de salud para estudiantes nuevos ,
3/29/2022 21:30:25,Spanish,Correo del centro de salud de USC ,Informaci├│n de seguro en USC para estudiantes internacionales ,Cuales son los servicios m├йdicos que USC provee? ,N├║mero de contacto de Emergencia en el centro de salud de USC ,Requisitos  contra el COVID en USC ,Vacunaciones requeridas para estudiantes de primer a├▒o ,
3/29/2022 21:33:02,Spanish,N├║mero para servicio en Salud Mental ,Como se llama el seguro m├йdico que utilizan los estudiantes de USC ,Farmacias en USC ,Horas de atenci├│n sin cita previa ,Vacuna contra el COVID ,Requisitos de salud para estudiantes internacionales ,
3/29/2022 21:36:29,Spanish,N├║mero de farmacia m├бs cerca ,Requisitos para seguro m├йdico de USC ,Centro de Salud Mental en USC ,Enfermeras disponibles  para una posible emergencia en USC ,Prueba de COVID 19 ,Requisitos para seguro m├йdico ,
3/29/2022 21:39:31,Spanish,N├║mero del centro de ginecolog├нa en USC ,El seguro m├йdico de USC es requisito para estudiantes nuevos? ,Centros de atenci├│n medica en USC ,Precio de atenci├│n en emergencia para estudiantes de USC ,Requisito de mascarilla en las instalaciones de USC ,Tiempo para completar los requisitos de vacunaci├│n para estudiantes de primer a├▒o ,
3/29/2022 22:18:40,English,Appointment booking number,Cashless or reimbursement ,Tests,Bed availibilities,Regulations,NA,Payments terms(pre-payment amounts etc)
3/29/2022 23:30:37,Hindi / рд╣рд┐рдиреНрджреА,рд╕рдВрдкрд░реНрдХ рд╡рд┐рд╡рд░рдг, рдЙрдкрд▓рдмреНрдз рдЕрд╕реНрдкрддрд╛рд▓,рдЪрд┐рдХрд┐рддреНрд╕рдХ рдХреЗ рд╕рд╛рде рдкреНрд░рд╕реНрддрд╛рд╡рд┐рдд рднреЗрдВрдЯ,рдирд┐рдХрдЯрддрдо рддрддреНрдХрд╛рд▓ рджреЗрдЦрднрд╛рд▓,рдХреЛрд╡рд┐рдб рд╕реЗрд╡рд╛,рдЯреАрдХрд╛рдХрд░рдг рдЖрд╡рд╢реНрдпрдХрддрд╛рдПрдВ, рдорд╛рдирд╕рд┐рдХ рдЪрд┐рдХрд┐рддреНрд╕рд╛ рд╕реЗрд╡рд╛рдПрдВ
3/30/2022 7:47:43,English,Hotline number,Insurance policies,Dental services,Emergency contact number,Vaccines,Immunization,
3/30/2022 9:26:06,Spanish,Datos de contacto del m├йdico,P├│liza de seguros,Costo de la medicina,N├║mero de Tel├йfono de Emergencia,Medicamento para COVID-19,Requisitos de la gripe para estudiantes,
3/30/2022 9:29:43,Hindi / рд╣рд┐рдиреНрджреА,рд╕рдВрдкрд░реНрдХ рдирдВрдмрд░,рдЗрдирд╢реНрдпреЛрд░реЗрдВрд╕ рдореВрд▓реНрдп,рдЪрд┐рдХрд┐рддреНрд╕рд╛ рджреЗрдЦрднрд╛рд▓,рдЖрдкрд╛рддрдХрд╛рд▓реАрди рдХрдХреНрд╖,COVID рджрд╡рд╛ рдЖрд╡рд╢реНрдпрдХрддрд╛рдПрдБ,рдЖрдиреЗ рд╡рд╛рд▓реА рдЫрд╛рддреНрд░ рдЖрд╡рд╢реНрдпрдХрддрд╛рдПрдБ,
3/30/2022 9:49:38,English,health desk,insurance premium,service and lab,contact number,things allowed to carry,things allowed to carry,nope
3/30/2022 10:14:35,English,We're here to answer your questions,waiver,MySHR,911,Covid testing,Immunization Requirements,
3/30/2022 13:01:07,English,medical centre email,Insurance coverage,Services Provided,Emergency number,COVID rules; masking rules,vaccination requirements,
3/30/2022 18:51:51,English,Hospital Address on Map,How can i make my insurance waived,Cost of service ,Ambulance Number,COVID test appointment booking ,Immunization requirements ,Nothing:)
3/30/2022 18:53:10,English,Check if my details are properly updated.,Details about Health Insurance Plan through Aetna,Review Medical Records,Check for emergency contacts and hotline numbers,COVID compliance and testing requirement,"Details about mandatory vaccines, medical immunization waiver",
3/30/2022 18:53:28,English,USC Covid19 Hotline Number,Insurance Waiver Details,Booking Covid Appointment,Emergency Care Number,COVID Appointments,Immunization Requirements,
3/30/2022 18:57:52,English,USC Health Contact Number,USC Health Insurance,Appointment,USC Emergency Care,Covid Appointment,USC Student Health Immunization Form,
4/1/2022 12:20:51,English,USC Health Customer Care Number,Disease Covered in the Plan,Different Packages available,Nearest Hospital,Vaccinations Completed,Mandatory Immunizations,
4/2/2022 9:49:04,English,MMR HCP number,MMR coverage in Insurance,MMR Vaccine Support,Emergency Contact Number,COVID Mask Regulations,MMR Doses Duration,
4/2/2022 9:50:46,English,HCP number - Varicella,Varicella covered in Insurance?,Varicella Vaccine Support,HCP Provider Number,COVID Testing Centers,Varicella Mandatory?,
4/2/2022 9:51:39,English,Center Contact Details,TB Covered?,Tuberculosis Cost,DPS Support Number,Quarentine Beds,BCG Vaccine Good enough for Tuberculosis?; TB Mandatory?,
4/2/2022 9:52:25,English,Mail address for the Hospital,Insurance total cost for student,What forms to fill in Student Portal,Hotline Numbers,Masking Policy,What forms to fill in Student Portal,
4/2/2022 9:53:23,English,Lab location,Lab Tests covered in Insurance?,Lab Results Include what all details?,Lab Emergency Number,Career Fairs amidst COVID?,Immunization Requirements Deadline,
4/2/2022 11:02:01,Spanish,N├║mero de MMR HCP,Cobertura MMR en Seguros,Apoyo a la vacuna MMR,N├║mero de contacto de emergencia,Reglamento de m├бscaras COVID,MMR Dosis Duraci├│n,
4/2/2022 11:02:02,Spanish,N├║mero HCP - Varicela,Varicela cubierta en el Seguro?,Apoyo a la vacuna contra la varicela,N├║mero de proveedor de HCP,Centros de pruebas de COVID,Varicela Obligatorio?,
4/2/2022 11:02:02,Spanish,Detalles de contacto del centro,TB cubierta?,Costo de la tuberculosis,N├║mero de soporte de DPS,Camas de cuarentena,vacuna BCG suficientemente buena para la tuberculosis?; TB obligatoria?,
4/2/2022 11:02:02,Spanish,Direcci├│n de correo del Hospital,Costo total del seguro para estudiante,Qu├й formularios rellenar en el Portal del Estudiante,N├║meros de l├нnea directa,Pol├нtica de enmascaramiento,Qu├й formularios rellenar en el Portal del Estudiante,
4/2/2022 11:02:03,Spanish,ubicaci├│n del laboratorio,Ex├бmenes de laboratorio cubiertos por el seguro?,Los resultados de laboratorio ┬┐Incluyen todos los detalles?,N├║mero de emergencia del laboratorio,Ferias de empleo admit COVID?,Plazo de requisitos de vacunaci├│n,
4/2/2022 11:19:07,Spanish,N├║mero de contacto del hospital,Siempre requerido?,Cualificaciones del profesional de la salud,Ubicaciones de hospitales,Prueba de estallido de COVID,Penalizado si no se llena el requisito?,
4/2/2022 11:19:08,Spanish,Direcci├│n de la calle del hospital,Detalles del proveedor,Servicios M├йdicos de Salud,N├║mero de ambulancia,Exenci├│n basada en creencias,Todos los requisitos de vacunaci├│n,
4/2/2022 11:19:08,Spanish,Direcci├│n de correo electr├│nico del hospital,N├║mero de Proveedores Afiliados,Costo de los Servicios,Costo del tratamiento de emergencia,Formulario de exenci├│n m├йdica,Costos de vacunaci├│n,
4/4/2022 8:28:32,English,Hospital Timings,Insurance Coverage,Cost of Services,Health Center Hours,Cost of COVID Vaccine,Orientation Location,
4/4/2022 8:28:33,English,Health Centre Nearby Landmarks,Affiliated Insurances,Waiting Time for the Services,Ambulance Numbers,COVID Vaccine Stock,Date of New Student Orientation,
4/4/2022 8:28:33,English,Can we contact doctors directly?,Insurance Waiver,Transgender care,Hotline available for 24 x 7?,Types of COVID Vaccine,MySHR login Details,
4/4/2022 8:28:33,English,Helpline Timings,Insurance Duration,Physician Details,Needlestick Hotline,Vaccine Clinic Schedule,Resources for Parents,
4/4/2022 8:28:34,English,Nearby Hospital for Students,Insurance Mail ID,Common Allergy FAQs,Insurance Coverage for Emergencies,COVID Testing Program Details,New Student Resources,
4/4/2022 8:28:34,English,Hospital Hotline,Payment Plan for Insurance,Sexual Assault Help,Steps to take after being assaulted,Weekly Pop Testing Locations,Total Cost of Immunizations,
4/4/2022 8:28:34,English,Hospital Contact Number,Dental Plan Covered In Insurance?,Group counseling charges,DPS Area and Watch Timings,Pop Testing 3.0 Timings,USC Student Health Plan for New Students,
4/4/2022 8:28:35,English,Student Health Office Contact Details,Skincare Treatment Cost,Patient Privacy Protocols,Urgent Care,Instructions after Exposure to Positive Patient,Login Portal for Parents,
4/4/2022 8:28:35,English,Student Health Insurance Office Contact,Travel Aboard Insurance Cost,Undegraduate Health Requirements,Student Health Insurance Office Contact,Preparing for the Test,Getting Started on MySHR,
4/4/2022 8:28:35,English,Mail Address for Hospital Support,Insurance Waiver Plan,Mental Health Services,Emergency tips when received First Degree Burns,Testing using Antigen Kits,Immunization Deadlines,
4/4/2022 8:28:35,English,Customer call helpline for Hospital,Insurance Requirements,Timings for Dermatologist,Ambulance Availability,Diagnosis and Treatment Post COVID,TB Test Procedure,
4/4/2022 8:28:36,English,Health care professional Numbers,Where to fill the Waiver Form,Dental Plan Details,Emergency Hotline Number,List of Accepted Vaccines,Trojan Learn Modules,
4/4/2022 8:28:36,English,Mail Address for Doctors,Aetna Insurance Cost,Workshops for Mental health,DPS Emergency Hotline Number,Trojan Check,Challenges and Support without Immunizations,
4/4/2022 8:30:47,Spanish,Horarios de hospitales,Cobertura del seguro,Costo de los Servicios,Horario del Centro de Salud,Costo de la vacuna COVID,Orientaci├│n Ubicaci├│n,
4/4/2022 8:30:47,Spanish,Centro de salud Lugares de inter├йs cercanos,Seguros Afiliados,Tiempo de Espera de los Servicios,N├║meros de ambulancia,Stock de vacunas COVID,Fecha de orientaci├│n para nuevos estudiantes,
4/4/2022 8:30:48,Spanish,Podemos contactar a los m├йdicos directamente?,Exenci├│n de seguro,cuidado transg├йnero,"L├нnea directa disponible las 24 horas del d├нa, los 7 d├нas de la semana?",Tipos de vacuna COVID,Detalles de inicio de sesi├│n de MySHR,
4/4/2022 8:30:48,Spanish,Horarios de la l├нnea de ayuda,Duraci├│n del seguro,Detalles del m├йdico,L├нnea directa de pinchazos de aguja,Horario de la cl├нnica de vacunas,Recursos para padres,
4/4/2022 8:30:48,Spanish,Hospital de Estudiantes cercano,Identificaci├│n de correo del seguro,Preguntas frecuentes sobre alergias comunes,Cobertura de Seguro para Emergencias,Detalles del programa de pruebas de COVID,Nuevos recursos para estudiantes,
4/4/2022 8:30:48,Spanish,L├нnea de atenci├│n hospitalaria,Plan de pago para el seguro,Ayuda de agresi├│n sexual,Pasos a seguir despu├йs de ser agredido,Ubicaciones de pruebas pop semanales,Costo total de las vacunas,
4/4/2022 8:30:49,Spanish,N├║mero de contacto del hospital,Plan dental cubierto por el seguro?,Cargos de asesoramiento grupal,├Бrea de DPS y horarios de vigilancia,Pop Testing 3.0 Tiempos,Plan de salud para estudiantes de USC para estudiantes nuevos,
4/4/2022 8:30:49,Spanish,Datos de contacto de la Oficina de Salud Estudiantil,Costo del tratamiento de cuidado de la piel,Protocolos de privacidad del paciente,Atenci├│n de urgencias,Instrucciones despu├йs de la exposici├│n a un paciente positivo,Portal de inicio de sesi├│n para padres,
4/4/2022 8:30:49,Spanish,Oficina de Seguro de Salud para Estudiantes Contacto,Costo del seguro de viaje a bordo,Requisitos de salud para estudiantes universitarios,Oficina de Seguro de Salud para Estudiantes Contacto,Prepar├бndose para la prueba,Introducci├│n a MySHR,
4/4/2022 8:30:50,Spanish,Direcci├│n de correo para apoyo hospitalario,Plan de exenci├│n de seguro,Servicios de salud mental,Consejos de emergencia cuando se reciben quemaduras de primer grado,Pruebas con kits de ant├нgenos,Plazos de vacunaci├│n,
4/4/2022 8:30:50,Spanish,L├нnea de atenci├│n al cliente para Hospital,Requisitos de seguro,Horarios para dermat├│logo,Disponibilidad de ambulancia,Diagn├│stico y Tratamiento Post COVID,Procedimiento de prueba de tuberculosis,
4/4/2022 8:30:50,Spanish,N├║meros de profesionales de la salud,D├│nde llenar el Formulario de Renuncia,Detalles del plan dental,N├║mero de l├нnea directa de emergencia,Lista de vacunas aceptadas,M├│dulos de aprendizaje de troyanos,
4/4/2022 8:30:50,Spanish,Direcci├│n de correo para m├йdicos,Costo del seguro de Aetna,Talleres de Salud Mental,N├║mero de la l├нnea directa de emergencia de DPS,Comprobaci├│n de troyanos,Desaf├нos y apoyo sin vacunas,
4/5/2022 3:17:36,English,No ,No n,No ,No,No,No,No
4/5/2022 11:00:36,Hindi / рд╣рд┐рдиреНрджреА,рдХреЛрд╡рд┐рдб рдЖрдкрд╛рддрдХрд╛рд▓реАрди рд╣реЗрд▓реНрдкрд▓рд╛рдЗрди,рдмреАрдорд╛ рдХреЗ рддрд╣рдд рдХрд╡рд░ рдХрд┐рдпрд╛ рдЧрдП рд░реЛрдЧ,рдХрд╛рд░реНрдпрд╛рд▓рдп рдЕрд╡рдзрд┐,рдЖрдкрд╛рддрдХрд╛рд▓реАрди рдкреНрд░рдХреНрд░рд┐рдпрд╛,рдХреЛрд╡рд┐рдб рдкрд░реАрдХреНрд╖рдг,рдЯреАрдмреА рдкрд░реАрдХреНрд╖рдг,
4/6/2022 10:09:02,English,"Emergency hospital contact, nearest hospital ","
Insurance claim, insurance settlement ratio, insurance process","Pathology, EnT, ICU, dental, vaccination ","Nearest hospital, ambulance, nearest dentist","Covid regulations, covid vaccination","Immunization requirements, booster doses
",
4/6/2022 18:03:30,Hindi / рд╣рд┐рдиреНрджреА,рдлрд╝реЛрди рдирдВрдмрд░,"
рдмреАрдорд╛","
рдпреМрди рдЬрд╛рдЧрд░реВрдХрддрд╛","
рдЖрдкрд╛рддрдХрд╛рд▓реАрди рдлреЛрди рдирдВрдмрд░",рдХреЛрд╡рд┐рдб рдкрд░реАрдХреНрд╖рдг рд╕реНрдерд▓,"
рд╡реИрдХреНрд╕реАрди рдЖрд╡рд╢реНрдпрдХрддрд╛",
4/6/2022 18:17:07,Hindi / рд╣рд┐рдиреНрджреА,рд╡рд┐рджреНрдпрд╛рд░реНрдереА  рд╕реНрд╡рд╛рд╕реНрдереНрдп рдИрдореЗрд▓ рдпрд╛ рдлреЛрди рдирдВрдмрд░,"
рдмреАрдорд╛ рд╣реЗрд▓реНрдкрд▓рд╛рдЗрди","
рд╕реНрд╡рд╛рд╕реНрдереНрдп рд╢реБрд▓реНрдХ",рдЗрдорд░рдЬреЗрдВрд╕реА рд╣реЗрд▓реНрдкрд▓рд╛рдЗрди,"
рдирдП рдХреЛрд╡рд┐рдб рджрд┐рд╢рд╛рдирд┐рд░реНрджреЗрд╢",рд╕реНрдкреНрд░рд┐рдВрдЧ 2022 рд╡рд┐рджреНрдпрд╛рд░реНрдереА рд╡реИрдХреНрд╕реАрди ,
4/6/2022 18:28:10,Hindi / рд╣рд┐рдиреНрджреА,USC hospital ka number,Fall 23 insurance ke liye kitne paise lagenge,Depression ke liye support group,What to do on drug overdose (Jyada nasha karne pe kya kare),Quarantine kaise kare,vaccination ka appointment kaise le,
4/6/2022 18:34:09,Hindi / рд╣рд┐рдиреНрджреА,"
рдпреВ.рдПрд╕.рд╕реА  рд╕реНрд╡рд╛рд╕реНрдереНрдп рдХреЗрдВрджреНрд░ рдлреЛрди рдирдВрдмрд░",рдпреВ.рдПрд╕.рд╕реА  рд╕реНрдЯреВрдбреЗрдВрдЯ рд╣реЗрд▓реНрде рдЗрдВрд╢реНрдпреЛрд░реЗрдВрд╕ ,рдкрд░рд╛рдорд░реНрд╢ рдирд┐рдпреБрдХреНрддрд┐,"
рдЖрдкрд╛рддрдХрд╛рд▓реАрди","
рдкреЙрдк рдкрд░реАрдХреНрд╖рдг рд╕реНрдерд╛рди",рдЫрд╛рддреНрд░ рдЯреАрдХрд╛рдХрд░рдг рдЖрд╡рд╢реНрдпрдХрддрд╛рдПрдБ ,
4/6/2022 18:44:47,Hindi / рд╣рд┐рдиреНрджреА,рдорд╛рдирд╕рд┐рдХ рд╕реНрд╡рд╛рд╕реНрдереНрдп рд╕рдВрдкрд░реНрдХ рдирдВрдмрд░,рдмреАрдорд╛ рдХрд╛ рджрд╛рд╡рд╛ рдХреИрд╕реЗ рдХрд░реЗрдВ,рдЖрдВрдЦреЛрдВ рдХреА рдЬрд╛рдВрдЪ,рдХреЛрд╡рд┐рдб рдЖрдкрд╛рддрдХрд╛рд▓реАрди рд╕реЗрд╡рд╛,рдмреВрд╕реНрдЯрд░ рд▓рдЧрд╡рд╛рдирд╛ рдЬрд░реВрд░реА рд╣реИ?,рднрд╛рд░рддреАрдп рдЯреАрдХрд╛рдХрд░рдг рдХрд╛рд░реНрдб,
4/6/2022 18:50:26,Hindi / рд╣рд┐рдиреНрджреА,рд╕реНрд╡рд╛рд╕реНрдереНрдп рд╣реЙрдЯрд▓рд╛рдЗрди,рд╡рд┐рджреНрдпрд╛рд░реНрдереА рдЗрдирд╢реНрдпреЛрд░реЗрдВрд╕ рдлрд╝реАрд╕,рдХрд╛рдЙрдВрд╕рд┐рд▓рд┐рдВрдЧ рдЕрдкреЙрдЗрдВрдЯрдореЗрдВрдЯ,DPS реЮреЛрди рдирдВрдмрд░ ,"
рдХреЛрд╡рд┐рдб рдкреЙрдЬрд┐рдЯрд┐рд╡",myshr рдкреЛрд░реНрдЯрд▓ ,
4/6/2022 18:51:36,Hindi / рд╣рд┐рдиреНрджреА,рдмреБрдХ рдЯреАрдмреА рдкреЙрдк рдЯреЗрд╕реНрдЯ,рдмреАрдорд╛ рдЫреВрдЯ рдХрд╛ рдЕрдиреБрд░реЛрдз рдХрдм рдХрд░ рд╕рдХрддреЗ рд╣реИрдВ?,рдПрдХреНрд╕рд░реЗ рд╕реНрдХреИрди,рдПрдВрдмреБрд▓реЗрдВрд╕ рд╕реЗрд╡рд╛,рдХреЛрд╡рд┐рд╢реАрд▓реНрдб рдФрд░ рдлрд╛рдЗрдЬрд░ рдмреВрд╕реНрдЯрд░,рдЯреАрдмреА рдХреЗ рдкрд░рд┐рдгрд╛рдо,
4/6/2022 18:55:33,English,ADDRESS AND PHONE NUMBER,TERMS AND CONDITION,AMBULANCE SERVICES,24 7 Helpline number,COVID SIDE EFFECTS,INTERNATIONAL STUDENTS HEALTH REQUIREMENTS,
4/6/2022 19:00:47,Hindi / рд╣рд┐рдиреНрджреА,"рдпреВрдПрд╕рд╕реА рд╕реНрдЯреВрдбреЗрдВрдЯ рд╣реЗрд▓реНрде реЮреЛрди рдирдВрдмрд░, рдпреВрдПрд╕рд╕реА рд╕реНрдЯреВрдбреЗрдВрдЯ рд╣реЗрд▓реНрде рдИрдореЗрд▓, рдпреВрдПрд╕рд╕реА рд╕реНрдЯреВрдбреЗрдВрдЯ рд╣реЗрд▓реНрде рддрд┐рдорд┐рдВрдЧреНрд╕; рд╕реНрдЯреВрдбреЗрдВрдЯ рд╕реЗрдгреНрдЯрд░ рдПрдбреНрд░реЗрд╕ ",рдЗрдиреНрд╢реБрд░рдиреНрд╕ рд░рд┐рдХреНрд╡рд╛рдпрд░рдореЗрдВрдЯреНрд╕; рдЗрдиреНрд╢реБрд░рдиреНрд╕ рдлреАрд╕; рдЗрдиреНрд╢реБрд░рдиреНрд╕ рд╡реЗрд╡рд░ рд░рд┐рдХреНрд╡рд╛рдпрд░рдореЗрдВрдЯреНрд╕; рдПрдХреНрд╕реЗрдкреНрдЯреЗрдб рдЗрдиреНрд╕реБрд░рд╛рдВрд╕рд╕ ,рдбрд┐рдкреНрд░реЗрд╢рди рд╣реЗрд▓реНрдк; рдереЗрд░реЗрдкреА; рдХрд╛рдЙрдиреНрд╕рд▓рд┐рдВрдЧ; рдореЗрдиреНрдЯрд▓ рд╣реЗрд▓реНрде рд╣реЗрд▓реНрдк ,рдЗрдорд░рдЬреЗрдВрд╕реА реЮреЛрди рдирдВрдмрд░; рдбреАрдкреАрдПрд╕ рдЗрдорд░рдЬреЗрдВрд╕реА рдирдВрдмрд░; ,рдПрдВрдЯреАрдЬрди рдЯреЗрд╕реНрдЯ ; рдХреЛрд╡рд┐рдж рдкреЙрдЬрд┐рдЯрд┐рд╡ рдПрдХреНрд╕рдкреЛреЫрд░; рдХреЛрд╡рд┐рдж 19 рд╡реИрдХреНрд╕реАрди; рд╡реИрдХреНрд╕реАрди рдкрд╛рд▓рд┐рд╕реА; рдЯреНрд░реЛрдЬрди рдЪреЗрдХ; рдХреЛрд╡рд┐рдж рдЖрдЗрд╕реЛрд▓реЗрд╢рди; рдХреЛрд╡рд┐рдж 19 рдПрдХреНрд╕реЗрдкреНрдЯреЗрдб рд╡реИрдХреНрд╕реАрди; рдкреЙрдк рдЯреЗрд╕реНрдЯрд┐рдВрдЧ рддрд┐рдорд┐рдВрдЧреНрд╕' рдкреЙрдк рдЯреЗрд╕реНрдЯрд┐рдВрдЧ рд▓реЛрдХреЗрд╢рди ,рдирдИ рд╕реНрдЯреВрдбреЗрдВрдЯ рд╡рдХреНрд╕реАрдирд╢рди рд░реЗрдХреНрд╡рд┐рд░реЗрдореЗрдЯрдВрд╕; рдирдИ рд╕реНрдЯреВрдбреЗрдВрдЯ рдЗрдореНрдпреВрдирд╛рдЗрдЬреЗрд╢рди рд░рд┐рдХреНрд╡рд╛рдпрд░рдореЗрдВрдЯреНрд╕; ,myshr рд▓реЙрдЧрд┐рди 
4/6/2022 19:44:51,Hindi / рд╣рд┐рдиреНрджреА,рдЪрд┐рдХрд┐рддреНрд╕рдХ,рд╕реНрд╡рд╛рд╕реНрдереНрдп рдмреАрдорд╛ рдХрд╛рд░реНрдпрд╛рд▓рдп рд╕рдВрдкрд░реНрдХ,"
рдЖрдШрд╛рдд рд╕реЗ рдмрд╛рд╣рд░ рдХреИрд╕реЗ рдЖрдПрдВ?","
рдШрд░реЗрд▓реБ рд╣рд┐рдВрд╕рд╛",рд╡реИрдХреНрд╕реАрди рд╕реНрдерд╛рди,рдлреНрд▓реВ рдХрд╛ рдЯреАрдХрд╛,
4/6/2022 19:57:11,Hindi / рд╣рд┐рдиреНрджреА,рдПрдХ рдирд┐рдпреБрдХреНрддрд┐ рдХрд░рдирд╛,рдЕрдиреНрдп рдЫрд╛рддреНрд░ рд╕реНрд╡рд╛рд╕реНрдереНрдп рдмреАрдорд╛,рдлреБрдЯрдмреЙрд▓ рдХреА рдЪреЛрдЯ,рдпреВрдПрд╕рд╕реА рдХреЗ рдмрд╛рд╣рд░ рдЖрдкрд╛рдд рд╕реНрдерд┐рддрд┐,рдХреЛрдИ рдХреЛрд╡рд┐рдб рдЯреАрдХрд╛ рдирд╣реАрдВ,рд╕реНрд╡рд╛рд╕реНрдереНрдп рд░рд┐рдХреЙрд░реНрдб рдЕрдкрд▓реЛрдб рдХрд░рдирд╛,
4/7/2022 3:50:34,English,USC Health Hotline Number,Yes,Yes,Yes,"New variants, regulations,vaccines etc",Immunization requirements and schedule,Cost of various medical problems to students from abroad 
4/7/2022 12:47:13,Hindi / рд╣рд┐рдиреНрджреА,рдЕрд╕реНрдкрддрд╛рд▓ рдХрд╛ рд╕рдордп,рдмреАрдорд╛ рд░рд╛рд╢рд┐,рд╕реЗрд╡рд╛рдУрдВ рдХреА рд▓рд╛рдЧрдд,рд╕реНрд╡рд╛рд╕реНрдереНрдп рдХреЗрдВрджреНрд░ рдШрдВрдЯреЗ,COVID рд╡реИрдХреНрд╕реАрди рдХреА рдХреАрдордд,рдЕрднрд┐рд╡рд┐рдиреНрдпрд╛рд╕ рд╕реНрдерд╛рди,
4/7/2022 12:47:16,Hindi / рд╣рд┐рдиреНрджреА,рдбреЙрдХреНрдЯрд░реЛрдВ рдХреЗ рд▓рд┐рдП рдореЗрд▓ рдкрддрд╛,рдРрдЯрдирд╛ рдмреАрдорд╛ рд▓рд╛рдЧрдд,рдорд╛рдирд╕рд┐рдХ рд╕реНрд╡рд╛рд╕реНрдереНрдп рдХреЗ рд▓рд┐рдП рдХрд╛рд░реНрдпрд╢рд╛рд▓рд╛,рдбреАрдкреАрдПрд╕ рдЖрдкрд╛рддрдХрд╛рд▓реАрди рд╣реЙрдЯрд▓рд╛рдЗрди рдирдВрдмрд░,рдЯреНрд░реЛрдЬрди рдЪреЗрдХ,рдЯреАрдХрд╛рдХрд░рдг рдХреЗ рдмрд┐рдирд╛ рдЪреБрдиреМрддрд┐рдпрд╛рдВ рдФрд░ рд╕рдорд░реНрдерди,
4/7/2022 12:47:13,Hindi / рд╣рд┐рдиреНрджреА,рд╕реНрд╡рд╛рд╕реНрдереНрдп рдХреЗрдВрджреНрд░ рдЖрд╕-рдкрд╛рд╕ рдХреЗ рд╕реНрдерд▓рдЪрд┐рд╣реНрди,рд╕рдВрдмрджреНрдз рдмреАрдорд╛,рд╕реЗрд╡рд╛рдУрдВ рдХреЗ рд▓рд┐рдП рдкреНрд░рддреАрдХреНрд╖рд╛ рд╕рдордп,рдПрдореНрдмреБрд▓реЗрдВрд╕ рдирдВрдмрд░,COVID рд╡реИрдХреНрд╕реАрди рд╕реНрдЯреЙрдХ,рдирдП рдЫрд╛рддреНрд░ рдЙрдиреНрдореБрдЦреАрдХрд░рдг рдХреА рддрд┐рдерд┐,
4/7/2022 12:47:14,Hindi / рд╣рд┐рдиреНрджреА,рдХреНрдпрд╛ рд╣рдо рд╕реАрдзреЗ рдбреЙрдХреНрдЯрд░реЛрдВ рд╕реЗ рд╕рдВрдкрд░реНрдХ рдХрд░ рд╕рдХрддреЗ рд╣реИрдВ?,рдмреАрдорд╛ рдЫреВрдЯ,рдЯреНрд░рд╛рдВрд╕рдЬреЗрдВрдбрд░ рджреЗрдЦрднрд╛рд▓,24 x 7 рдХреЗ рд▓рд┐рдП рд╣реЙрдЯрд▓рд╛рдЗрди рдЙрдкрд▓рдмреНрдз рд╣реИ?,COVID рд╡реИрдХреНрд╕реАрди рдХреЗ рдкреНрд░рдХрд╛рд░,MySHR рд▓реЙрдЧрд┐рди рд╡рд┐рд╡рд░рдг,
4/7/2022 12:47:14,Hindi / рд╣рд┐рдиреНрджреА,рд╣реЗрд▓реНрдкрд▓рд╛рдЗрди рдХрд╛ рд╕рдордп,рдмреАрдорд╛ рдЕрд╡рдзрд┐,рдЪрд┐рдХрд┐рддреНрд╕рдХ рд╡рд┐рд╡рд░рдг,рдиреАрдбрд▓рд╕реНрдЯрд┐рдХ рд╣реЙрдЯрд▓рд╛рдЗрди,рд╡реИрдХреНрд╕реАрди рдХреНрд▓рд┐рдирд┐рдХ рдЕрдиреБрд╕реВрдЪреА,рдорд╛рддрд╛-рдкрд┐рддрд╛ рдХреЗ рд▓рд┐рдП рд╕рдВрд╕рд╛рдзрди,
4/7/2022 12:47:14,Hindi / рд╣рд┐рдиреНрджреА,рдЫрд╛рддреНрд░реЛрдВ рдХреЗ рд▓рд┐рдП рдирдЬрджреАрдХреА рдЕрд╕реНрдкрддрд╛рд▓,рдмреАрдорд╛ рдореЗрд▓ рдЖрдИрдбреА,рд╕рд╛рдорд╛рдиреНрдп рдПрд▓рд░реНрдЬреА рдЕрдХреНрд╕рд░ рдкреВрдЫреЗ рдЬрд╛рдиреЗ рд╡рд╛рд▓реЗ рдкреНрд░рд╢реНрди,рдЖрдкрд╛рдд рд╕реНрдерд┐рддрд┐ рдХреЗ рд▓рд┐рдП рдмреАрдорд╛ рдХрд╡рд░реЗрдЬ,COVID рдкрд░реАрдХреНрд╖рдг рдХрд╛рд░реНрдпрдХреНрд░рдо рд╡рд┐рд╡рд░рдг,рдирдП рдЫрд╛рддреНрд░ рд╕рдВрд╕рд╛рдзрди,
4/7/2022 12:47:15,Hindi / рд╣рд┐рдиреНрджреА,рдЕрд╕реНрдкрддрд╛рд▓ рд╣реЙрдЯрд▓рд╛рдЗрди,рдмреАрдорд╛ рдХреЗ рд▓рд┐рдП рднреБрдЧрддрд╛рди рдпреЛрдЬрдирд╛,рдпреМрди рдЖрдХреНрд░рдордг рд╕рд╣рд╛рдпрддрд╛,рдорд╛рд░рдкреАрдЯ рдХреЗ рдмрд╛рдж рдЙрдард╛рдП рдЬрд╛рдиреЗ рд╡рд╛рд▓реЗ рдХрджрдо,рд╕рд╛рдкреНрддрд╛рд╣рд┐рдХ рдкреЙрдк рдкрд░реАрдХреНрд╖рдг рд╕реНрдерд╛рди,рдЯреАрдХрд╛рдХрд░рдг рдХреА рдХреБрд▓ рд▓рд╛рдЧрдд,
4/7/2022 12:47:15,Hindi / рд╣рд┐рдиреНрджреА,рдЕрд╕реНрдкрддрд╛рд▓ рд╕рдВрдкрд░реНрдХ рдирдВрдмрд░,рдмреАрдорд╛ рдореЗрдВ рд╢рд╛рдорд┐рд▓ рджрдВрдд рдЪрд┐рдХрд┐рддреНрд╕рд╛ рдпреЛрдЬрдирд╛?,рд╕рдореВрд╣ рдкрд░рд╛рдорд░реНрд╢ рд╢реБрд▓реНрдХ,рдбреАрдкреАрдПрд╕ рдХреНрд╖реЗрддреНрд░ рдФрд░ рджреЗрдЦрдиреЗ рдХрд╛ рд╕рдордп,рдкреЙрдк рдкрд░реАрдХреНрд╖рдг 3.0 рд╕рдордп,рдирдП рдЫрд╛рддреНрд░реЛрдВ рдХреЗ рд▓рд┐рдП рдпреВрдПрд╕рд╕реА рдЫрд╛рддреНрд░ рд╕реНрд╡рд╛рд╕реНрдереНрдп рдпреЛрдЬрдирд╛,
4/7/2022 12:47:15,Hindi / рд╣рд┐рдиреНрджреА,рдЫрд╛рддреНрд░ рд╕реНрд╡рд╛рд╕реНрдереНрдп рдХрд╛рд░реНрдпрд╛рд▓рдп рд╕рдВрдкрд░реНрдХ рд╡рд┐рд╡рд░рдг,рд╕реНрдХрд┐рдирдХреЗрдпрд░ рдЙрдкрдЪрд╛рд░ рд▓рд╛рдЧрдд,рд░реЛрдЧреА рдЧреЛрдкрдиреАрдпрддрд╛ рдкреНрд░реЛрдЯреЛрдХреЙрд▓,рддрддреНрдХрд╛рд▓ рджреЗрдЦрднрд╛рд▓,рд╕рдХрд╛рд░рд╛рддреНрдордХ рд░реЛрдЧреА рдХреЗ рд╕рдВрдкрд░реНрдХ рдореЗрдВ рдЖрдиреЗ рдХреЗ рдмрд╛рдж рдирд┐рд░реНрджреЗрд╢,рдорд╛рддрд╛-рдкрд┐рддрд╛ рдХреЗ рд▓рд┐рдП рд▓реЙрдЧрд┐рди рдкреЛрд░реНрдЯрд▓,
4/7/2022 12:47:15,Hindi / рд╣рд┐рдиреНрджреА,рдЫрд╛рддреНрд░ рд╕реНрд╡рд╛рд╕реНрдереНрдп рдмреАрдорд╛ рдХрд╛рд░реНрдпрд╛рд▓рдп рд╕рдВрдкрд░реНрдХ,рдпрд╛рддреНрд░рд╛ рдкрд░ рдпрд╛рддреНрд░рд╛ рдмреАрдорд╛ рд▓рд╛рдЧрдд,рд╕реНрдирд╛рддрдХ рд╕реНрд╡рд╛рд╕реНрдереНрдп рдЖрд╡рд╢реНрдпрдХрддрд╛рдПрдБ,рдЫрд╛рддреНрд░ рд╕реНрд╡рд╛рд╕реНрдереНрдп рдмреАрдорд╛ рдХрд╛рд░реНрдпрд╛рд▓рдп рд╕рдВрдкрд░реНрдХ,рдЯреЗрд╕реНрдЯ рдХреА рддреИрдпрд╛рд░реА,MySHR . рдкрд░ рд╢реБрд░реБрдЖрдд рдХрд░рдирд╛,
4/7/2022 12:47:16,Hindi / рд╣рд┐рдиреНрджреА,рдЕрд╕реНрдкрддрд╛рд▓ рд╕рд╣рд╛рдпрддрд╛ рдХреЗ рд▓рд┐рдП рдореЗрд▓ рдкрддрд╛,рдмреАрдорд╛ рдЫреВрдЯ рдпреЛрдЬрдирд╛,рдорд╛рдирд╕рд┐рдХ рд╕реНрд╡рд╛рд╕реНрдереНрдп рд╕реЗрд╡рд╛рдПрдВ,рдлрд░реНрд╕реНрдЯ рдбрд┐рдЧреНрд░реА рдмрд░реНрдиреНрд╕ рдкреНрд░рд╛рдкреНрдд рд╣реЛрдиреЗ рдкрд░ рдЖрдкрд╛рддрдХрд╛рд▓реАрди рдпреБрдХреНрддрд┐рдпрд╛рдБ,рдПрдВрдЯреАрдЬрди рдХрд┐рдЯ рдХрд╛ рдЙрдкрдпреЛрдЧ рдХрд░ рдкрд░реАрдХреНрд╖рдг,рдЯреАрдХрд╛рдХрд░рдг рдХреА рд╕рдордп рд╕реАрдорд╛,
4/7/2022 12:47:16,Hindi / рд╣рд┐рдиреНрджреА,рдЕрд╕реНрдкрддрд╛рд▓ рдХреЗ рд▓рд┐рдП рдЧреНрд░рд╛рд╣рдХ рдХреЙрд▓ рд╣реЗрд▓реНрдкрд▓рд╛рдЗрди,рдмреАрдорд╛ рдЖрд╡рд╢реНрдпрдХрддрд╛рдПрдБ,рддреНрд╡рдЪрд╛ рд╡рд┐рд╢реЗрд╖рдЬреНрдЮ рдХреЗ рд▓рд┐рдП рд╕рдордп,рдПрдореНрдмреБрд▓реЗрдВрд╕ рдЙрдкрд▓рдмреНрдзрддрд╛,рдирд┐рджрд╛рди рдФрд░ рдЙрдкрдЪрд╛рд░ рдкреЛрд╕реНрдЯ COVID,рдЯреАрдмреА рдкрд░реАрдХреНрд╖рдг рдкреНрд░рдХреНрд░рд┐рдпрд╛,
4/7/2022 12:47:16,Hindi / рд╣рд┐рдиреНрджреА,рд╕реНрд╡рд╛рд╕реНрдереНрдп рджреЗрдЦрднрд╛рд▓ рдкреЗрд╢реЗрд╡рд░ рдирдВрдмрд░,рдЫреВрдЯ рдлреЙрд░реНрдо рдХрд╣рд╛рдБ рднрд░рдирд╛ рд╣реИ,рдЪрд┐рдХрд┐рддреНрд╕рдХреАрдп рдпреЛрдЬрдирд╛ рд╡рд┐рд╡рд░рдг,рдЖрдкрд╛рддрдХрд╛рд▓реАрди рд╣реЙрдЯрд▓рд╛рдЗрди рдирдВрдмрд░,рд╕реНрд╡реАрдХреГрдд рдЯреАрдХреЛрдВ рдХреА рд╕реВрдЪреА,рдЯреНрд░реЛрдЬрди рд▓рд░реНрди рдореЙрдбреНрдпреВрд▓,
4/7/2022 12:47:17,Hindi / рд╣рд┐рдиреНрджреА,рдлрд╝реЛрди,рд╕реНрд╡рд╛рд╕реНрдереНрдп рд╢реБрд▓реНрдХ,рдПрдерд▓реЗрдЯрд┐рдХ рджреЗрдЦрднрд╛рд▓,рдорд╛рдирд╕рд┐рдХ рд╕реНрд╡рд╛рд╕реНрдереНрдп рдЖрдкрд╛рддрдХрд╛рд▓,рдЯреАрдХреЛрдВ рдХреЗ рд▓рд┐рдП рдЕрдиреБрд╕реВрдЪреА,рдкрд░рд┐рд╕рд░ рдХрд╛ рдирдХреНрд╢рд╛,
4/7/2022 12:47:17,Hindi / рд╣рд┐рдиреНрджреА,рд╕реНрд╡рд╛рд╕реНрдереНрдп рдХреЗрдВрджреНрд░ рдХрд╛ рдореЗрд▓ рдкрддрд╛,рдиреЗрддреНрд░ рдЪрд┐рдХрд┐рддреНрд╕рдХреЛрдВ рдХреЗ рд▓рд┐рдП рдмреАрдорд╛ рдХрд╡рд░реЗрдЬ,рдпреВрдПрд╕рд╕реА рдлрд╛рд░реНрдореЗрд╕рд┐рдпреЛрдВ,рдпреМрди рд╣рдорд▓рд╛ рдЖрдкрд╛рддрдХрд╛рд▓,рд╕реНрд╡реАрдХреГрдд рдЯреАрдХреЗ,рдкреНрд░рджрд╛рддрд╛ рд╡рд┐рд╡рд░рдг,
4/7/2022 12:47:17,Hindi / рд╣рд┐рдиреНрджреА,рдирд┐рдпреБрдХреНрддрд┐рдпреЛрдВ рдХреЛ рдкреБрдирд░реНрдирд┐рд░реНрдзрд╛рд░рд┐рдд рдХреИрд╕реЗ рдХрд░реЗрдВ?,рджрдВрдд рдпрд╛рддреНрд░рд╛рдУрдВ рдХреЗ рд▓рд┐рдП рдмреАрдорд╛ рдХрд╡рд░реЗрдЬ,рдХреЗрдХ рдЪрд┐рдХрд┐рддреНрд╕рд╛ рдирд┐рдпреБрдХреНрддрд┐рдпрд╛рдБ,рдЖрдкрд╛рддрдХрд╛рд▓реАрди рдиреЗрддреНрд░ рджреЗрдЦрднрд╛рд▓,рдзрд╛рд░реНрдорд┐рдХ рдЫреВрдЯ рдЯреАрдХреЗ,рдорд╛рдирдЪрд┐рддреНрд░ рдФрд░ рджрд┐рд╢рд╛-рдирд┐рд░реНрджреЗрд╢,
4/7/2022 12:47:18,Hindi / рд╣рд┐рдиреНрджреА,рд╡рд┐рд╢реЗрд╖рддрд╛ рджреЗрдЦрднрд╛рд▓ рдкреНрд░рджрд╛рддрд╛,рддрддреНрдХрд╛рд▓ рджреЗрдЦрднрд╛рд▓ рдпрд╛рддреНрд░рд╛рдУрдВ рдХреЗ рд▓рд┐рдП рдХреЙрдкреА рдХрд░реЗрдВ,рдПрд▓рдЬреАрдмреАрдЯреАрдХреНрдпреВ рдХреЗрдпрд░,рджреБ: рдЦ рдХреЗрдВрджреНрд░,рд╡реИрдХреНрд╕реАрди рдиреАрддрд┐,рд╕реНрд╡рд╛рд╕реНрдереНрдп рдкреЗрд╢рд╛ рдЫрд╛рддреНрд░ рдордВрдЬреВрд░реА,
4/7/2022 12:47:18,Hindi / рд╣рд┐рдиреНрджреА,рд╕реНрд╡рд╛рд╕реНрдереНрдп рд╕рдВрд╡рд░реНрдзрди рдЯреАрдо,рдИрдЖрд░ рд╡рд┐рдЬрд╝рд┐рдЯ рдХреЗ рд▓рд┐рдП рдХреЙрдкреА рдХрд░реЗрдВ,рдиреЗрддреНрд░ рд░реЛрдЧ рд╡рд┐рд╢реЗрд╖рдЬреНрдЮ рдирд┐рдпреБрдХреНрддрд┐,рдЖрддреНрдорд╣рддреНрдпрд╛ рд╕рд╣рд╛рдпрддрд╛,рдмреВрд╕реНрдЯрд░ рдЖрд╡рд╢реНрдпрдХрддрд╛,рдПрдХреНрд╕реЗрд╕ рд▓реИрдм рд░рд┐рдкреЛрд░реНрдЯ,
4/7/2022 12:47:18,Hindi / рд╣рд┐рдиреНрджреА,рд╢рд▓реНрдп рдЪрд┐рдХрд┐рддреНрд╕рд╛ рдХреЗ рдШрдВрдЯреЗ,рдирд┐рдХрдЯрддрдо рдЗрди-рдиреЗрдЯрд╡рд░реНрдХ рдЕрд╕реНрдкрддрд╛рд▓,рдорд╛рддрд╛-рдкрд┐рддрд╛ рдХреЗ рд▓рд┐рдП рд╕реНрд╡рд╛рд╕реНрдереНрдп рд╕реЗрд╡рд╛рдПрдВ,рдЖрдкрд╛рддреНрдХрд╛рд▓реАрди рдкреНрд░рддрд┐рдХреНрд░рд┐рдпрд╛,рдмреВрд╕реНрдЯрд░ рдкреНрд░рд▓реЗрдЦрди,рдкреАрдЖрд░рд╕реА рдЯреАрдХрд╛рдХрд░рдг рдХрд╛рд░реНрдб,
4/7/2022 12:47:18,Hindi / рд╣рд┐рдиреНрджреА,рдбреЙрдХреНрдЯрд░ рд╕рдВрдкрд░реНрдХ; рдПрд░рд┐рдХ рдХреЛрд╣реЗрди рд╕рдВрдкрд░реНрдХ рд╡рд┐рд╡рд░рдг,рдРрдЯрдирд╛ рд╕реНрд╡рд╛рд╕реНрдереНрдп рдЫреВрдЯ,рдЬреАрд╡рдирд╕рд╛рдереА рдХреЗ рд▓рд┐рдП рд╕реНрд╡рд╛рд╕реНрдереНрдп рд╕реЗрд╡рд╛рдПрдВ,рд╕реА рдкрд┐ рдЖрд░,рдЕрд▓рдЧрд╛рд╡ рдиреАрддрд┐,рд╕реАрдП рдЯреАрдХрд╛рдХрд░рдг рдХрд╛рд░реНрдб,
4/7/2022 12:47:19,Hindi / рд╣рд┐рдиреНрджреА,рдлрд╛рд░реНрдореЗрд╕рд┐рдпреЛрдВ рд╕рдВрдкрд░реНрдХ; рдПрдВрдЧреЗрдореИрди рд╕рдВрдкрд░реНрдХ рд╡рд┐рд╡рд░рдг,рдмрд╛рд╣рд░реА рдмреАрдорд╛,рдХрд▓реНрдпрд╛рдг рдкрд╢реБ,рдЕрд╡рд╕рд╛рдж рд╕рд╣рд╛рдпрддрд╛,COVID рджрд╕реНрддрд╛рд╡реЗрдЬ,рдкрд╣рд▓реА рдЪрд┐рдХрд┐рддреНрд╕рд╛ рдкрд░реАрдХреНрд╖рд╛,
4/7/2022 12:47:19,Hindi / рд╣рд┐рдиреНрджреА,24*7 рд╣реЙрдЯрд▓рд╛рдЗрди; рдирд░реНрд╕ рд╕реЗ рд╕рдВрдкрд░реНрдХ рдХрд░реЗрдВ,рдХрд╡рд░реЗрдЬ рдХрд╛ рд╕рдмреВрдд;рдкреНрд░рджрд╛рддрд╛ рдиреЗрдЯрд╡рд░реНрдХ,рднрд╛рд╡рдирд╛рддреНрдордХ рд╕рдорд░реНрдерди рдХреБрддреНрддрд╛,рдПрд▓рд░реНрдЬреА рдЖрдкрд╛рддрдХрд╛рд▓,рдХреЛрд╡рд┐рдб рдХрд┐рдЯ,рд╕реНрд╡рд╛рд╕реНрдереНрдп рдкрд░реАрдХреНрд╖рдг,